Month,Average
01,33.8082380952381
02,34.1629
03,35.4991818181818
04,35.4455
05,34.9527
06,35.077
07,36.013652173913
08,36.9109047619048
09,36.9970909090909
10,36.7955909090909
11,36.0409523809524
12,36.6095909090909
